CustomerID,Recency,Monetary,Frequency
12346,325,0.00,2
12347,2,4310.00,7
12348,75,1797.24,4
12349,18,1757.55,1
12350,310,334.40,1
12352,36,1545.41,11
12353,204,89.00,1
12354,232,1079.40,1
12355,214,459.40,1
12356,22,2811.43,3
12357,33,6207.67,1
12358,1,1168.06,2
12359,7,6245.53,6
12360,52,2662.06,3
12361,287,189.90,1
12362,3,5154.58,13
12363,109,552.00,2
12364,7,1313.10,4
12365,291,320.69,3
12367,4,168.90,1
12370,51,3545.69,4
12371,44,1887.96,2
12372,71,1298.04,3
12373,311,364.60,1
12374,25,742.93,1
12375,2,455.42,3
12377,315,1628.12,2
12378,129,4008.62,1
12379,81,850.29,3
12380,21,2720.56,5
12381,4,1803.96,6
12383,184,1839.31,6
12384,28,566.16,3
12386,337,401.90,2
12388,15,2780.66,6
12390,79,549.84,1
12391,21,460.89,1
12393,72,1582.60,4
12394,63,1272.48,2
12395,15,2998.28,15
12397,35,2409.90,2
12398,45,1635.66,1
12399,119,1108.65,4
12401,303,84.30,1
12402,323,225.60,1
12403,49,409.70,2
12405,148,1710.39,1
12406,22,3280.75,3
12407,49,1708.12,5
12408,32,2842.57,9
12409,78,11056.93,7
12410,301,681.08,3
12412,74,1226.88,3
12413,66,694.15,5
12414,217,562.41,3
12415,24,123725.45,26
12417,3,3578.80,12
12418,112,668.58,1
12420,63,600.39,1
12421,15,806.27,5
12422,95,803.56,3
12423,0,1849.11,9
12424,162,1760.96,2
12425,78,777.20,1
12426,194,582.73,1
12427,11,708.37,5
12428,25,7877.20,12
12429,9,3750.40,4
12430,43,256.40,1
12431,35,6416.39,18
12432,42,5059.32,5
12433,0,13375.87,7
12434,84,765.19,4
12435,79,7829.89,2
12436,99,509.01,1
12437,1,4896.66,19
12438,14,2906.85,2
12441,366,173.55,1
12442,3,172.06,1
12444,21,5005.46,5
12445,22,133.40,1
12446,57,1002.31,1
12447,243,476.49,1
12448,44,449.45,1
12449,22,4067.29,4
12450,156,197.88,2
12451,10,8933.52,6
12452,16,428.57,3
12453,134,707.09,1
12454,53,0.00,2
12455,73,2466.86,6
12456,44,3153.89,4
12457,58,1917.78,12
12458,71,947.40,2
12461,94,826.88,2
12462,2,1124.01,4
12463,46,1303.63,7
12464,10,1212.05,8
12465,7,733.89,3
12468,143,724.04,3
12471,2,18740.92,49
12472,30,6229.48,13
12473,29,2848.23,9
12474,17,7116.47,30
12475,53,723.38,1
12476,1,6546.58,20
12477,22,13117.01,9
12478,3,680.99,1
12479,3,477.30,3
12480,28,3281.63,4
12481,22,5590.86,11
12483,17,2327.13,13
12484,32,4495.27,8
12488,9,1298.66,3
12489,336,334.93,1
12490,5,5417.93,10
12491,38,460.40,1
12492,63,263.21,2
12493,165,416.79,3
12494,9,1139.35,13
12497,81,1043.10,1
12498,21,403.70,3
12500,23,4206.27,13
12501,315,2089.68,2
12502,95,3723.87,5
12503,337,-1126.00,1
12504,18,114.00,4
12505,301,-4.50,1
12506,232,73.50,1
12507,134,1258.06,4
12508,26,398.27,2
12509,284,176.50,1
12510,142,982.57,2
12512,66,138.03,2
12513,84,586.79,2
12514,267,1017.68,1
12515,353,383.70,1
12516,77,1312.06,2
12517,28,2464.89,6
12518,0,2056.89,5
12519,63,340.84,1
12520,79,2582.51,6
12521,142,599.68,1
12522,39,192.72,2
12523,1,1745.57,13
12524,9,4485.72,8
12526,0,1316.66,3
12527,81,348.71,3
12528,9,1922.28,8
12530,59,1623.63,5
12531,14,125.22,1
12532,30,349.83,1
12534,130,1089.18,1
12535,91,716.35,2
12536,7,4106.82,5
12538,29,363.95,1
12539,22,3852.50,5
12540,19,13309.04,19
12541,29,981.18,3
12544,29,355.70,2
12545,75,1000.39,2
12546,46,1141.50,3
12547,197,207.80,2
12548,166,95.20,1
12550,79,964.83,1
12551,357,168.00,1
12552,38,437.82,2
12553,8,3652.25,14
12556,50,603.71,2
12557,16,11990.96,5
12558,1,0.00,2
12559,310,536.21,3
12560,5,2101.39,4
12561,302,238.85,1
12562,8,3781.74,7
12564,261,456.90,1
12565,281,131.17,2
12566,72,346.70,2
12567,22,9114.94,11
12569,2,4064.99,35
12571,39,519.61,2
12572,8,1004.72,3
12573,227,160.54,1
12574,315,218.45,1
12576,35,1306.98,6
12577,35,595.40,4
12578,21,2753.36,4
12579,73,410.72,3
12580,246,415.70,1
12581,39,197.71,1
12582,238,511.36,2
12583,2,7187.34,18
12584,3,1893.95,18
12585,234,1982.81,4
12586,17,179.94,2
12587,7,144.00,1
12588,39,214.90,1
12589,28,646.68,2
12590,190,9861.38,3
12591,317,452.85,1
12592,92,437.60,2
12593,108,418.10,3
12594,37,3320.22,11
12596,51,618.27,2
12597,19,3683.13,5
12598,9,3002.68,9
12599,29,1032.58,7
12600,28,2581.04,11
12601,189,569.56,6
12602,58,153.12,1
12603,21,739.20,1
12604,79,254.18,2
12605,365,-7.50,1
12607,58,0.00,2
12609,78,1126.85,3
12610,22,2057.99,7
12611,52,1193.32,1
12612,57,643.59,2
12613,31,3218.98,6
12614,277,315.60,1
12615,2,2291.19,4
12616,85,657.25,5
12617,29,355.53,1
12618,21,177.31,1
12619,16,3214.81,13
12620,14,1339.41,3
12621,1,13612.07,23
12622,232,180.10,1
12623,276,305.10,1
12624,106,641.13,2
12625,211,2614.32,3
12626,23,6388.35,13
12627,10,4478.53,7
12628,4,769.61,4
12630,9,1270.88,2
12631,57,640.50,1
12633,58,2140.63,5
12635,89,1689.18,2
12637,67,5953.25,10
12638,33,671.69,1
12639,238,486.10,1
12640,23,1174.58,3
12641,115,185.90,1
12642,25,1013.26,3
12643,128,3344.64,6
12644,129,477.91,1
12645,33,1755.38,5
12646,4,1346.97,2
12647,22,3669.92,13
12648,154,318.05,1
12649,107,603.71,4
12650,3,314.44,1
12651,334,114.00,1
12652,322,914.53,2
12653,148,2209.85,2
12654,10,601.98,5
12656,17,3982.72,8
12657,11,1152.06,5
12658,18,686.05,1
12659,29,91.68,1
12660,11,245.10,1
12662,0,3817.08,12
12664,8,4863.88,10
12665,324,61.75,2
12666,359,-227.44,1
12667,58,620.13,1
12668,7,3743.18,6
12669,150,1607.73,4
12670,10,2986.15,6
12672,329,225.90,1
12673,5,610.52,2
12674,11,1919.31,7
12676,24,1331.39,6
12678,42,17588.26,13
12679,52,1058.67,9
12680,0,862.81,4
12681,14,13677.59,27
12682,3,12288.22,31
12683,4,8221.09,20
12684,7,2283.63,7
12685,28,2863.08,6
12686,371,89.14,1
12688,113,4873.81,1
12689,25,1247.61,2
12690,205,389.01,1
12691,28,1035.80,6
12693,120,830.96,6
12694,70,869.67,2
12695,7,582.10,4
12697,21,939.02,5
12700,7,4867.99,6
12701,79,797.71,2
12702,19,219.00,1
12703,64,274.70,2
12704,7,2220.84,10
12705,15,6814.24,14
12707,291,603.42,1
12708,29,2616.32,16
12709,3,9294.10,26
12710,96,1130.57,4
12712,22,4241.63,17
12713,0,848.55,1
12714,9,4708.86,5
12715,106,353.86,1
12716,3,1053.49,2
12717,151,980.98,3
12718,71,238.25,1
12719,5,608.10,3
12720,2,5713.28,29
12721,31,2628.98,7
12722,85,904.33,6
12723,3,725.07,5
12724,5,1031.41,4
12725,371,427.80,1
12726,28,2609.10,7
12727,10,3947.70,9
12728,71,836.33,4
12729,113,453.01,1
12731,23,18793.41,14
12732,179,236.26,1
12733,234,383.95,1
12734,352,110.40,1
12735,315,779.57,2
12736,332,234.00,1
12738,372,155.35,1
12739,78,1013.04,2
12740,63,427.60,1
12743,134,546.43,2
12744,51,9120.39,10
12747,2,4196.01,11
12748,0,29072.10,224
12749,3,3868.20,8
12750,128,275.88,1
12752,81,4366.78,1
12753,3,21024.01,11
12754,235,2949.12,5
12755,249,2203.20,4
12756,86,112.08,1
12757,15,4227.70,19
12758,116,2791.59,2
12759,52,1531.44,3
12762,7,1898.52,2
12763,138,494.08,2
12764,316,1693.88,1
12766,3,6989.63,7
12769,238,1143.60,1
12770,210,1351.45,1
12772,59,892.47,1
12775,17,1351.24,6
12778,19,804.23,7
12779,21,3868.70,12
12781,21,707.72,5
12782,4,2273.32,6
12783,2,1603.87,8
12784,9,574.42,2
12785,2,305.71,2
12787,9,463.66,3
12789,65,91.85,1
12790,192,324.92,1
12791,373,192.60,1
12792,256,400.54,1
12793,334,545.48,2
12794,53,860.41,2
12795,18,430.48,1
12797,360,194.18,3
12798,10,6977.04,3
12802,183,412.58,2
12808,36,483.65,3
12809,168,484.36,2
12811,260,514.85,3
12812,44,229.64,1
12814,101,125.92,1
12815,147,1063.46,2
12816,95,572.20,2
12817,281,166.04,1
12818,178,1517.88,2
12820,3,942.34,4
12821,214,92.72,1
12822,70,918.98,3
12823,74,1759.50,5
12824,59,397.12,1
12826,2,1468.12,8
12827,5,430.15,3
12828,2,1018.71,6
12829,322,253.05,3
12830,37,6748.40,7
12831,262,215.05,1
12832,32,383.03,2
12833,145,417.38,1
12834,282,312.38,1
12836,59,2612.86,4
12837,173,134.10,1
12838,33,683.13,2
12839,2,5583.62,16
12840,143,2714.27,6
12841,4,3876.40,26
12842,70,1118.99,2
12843,65,1680.76,9
12844,29,325.96,2
12845,267,354.09,4
12847,22,871.54,1
12849,31,1050.89,2
12851,96,135.18,1
12852,290,299.75,2
12853,107,1881.70,9
12854,78,1289.15,5
12855,372,38.10,1
12856,7,2162.68,8
12857,210,1106.40,2
12863,52,504.20,2
12864,138,147.12,1
12865,26,1548.07,3
12866,283,559.12,1
12867,26,3986.22,10
12868,185,1607.06,6
12870,366,-14.90,1
12871,84,380.64,2
12872,326,599.97,2
12873,282,374.00,1
12875,143,343.23,2
12876,57,2218.02,2
12877,3,1535.77,12
12878,18,841.64,3
12879,44,552.57,4
12881,275,298.00,1
12882,9,1463.04,2
12883,24,703.47,4
12884,88,309.05,1
12885,63,1158.27,4
12886,67,1351.09,3
12888,214,313.77,4
12890,24,380.47,1
12891,185,331.00,3
12893,30,188.14,1
12895,42,347.30,3
12897,204,216.50,2
12901,8,16293.10,36
12902,264,138.68,1
12904,18,509.58,2
12906,11,2919.81,5
12908,58,246.00,4
12909,39,2128.83,8
12910,23,3075.04,8
12912,2,1662.30,5
12913,4,2483.63,5
12915,148,363.65,2
12916,138,2982.35,5
12917,128,594.00,1
12919,8,1301.44,8
12920,17,164.23,1
12921,3,16389.74,50
12922,161,405.38,1
12923,64,176.97,1
12924,88,929.95,5
12925,4,694.05,2
12928,35,2062.70,5
12929,122,105.10,2
12930,78,409.90,4
12931,21,33462.81,20
12933,24,606.28,4
12935,2,2156.45,8
12936,17,1012.90,5
12937,15,1504.27,4
12938,25,114.14,1
12939,64,11581.80,8
12940,46,876.29,4
12942,131,683.90,3
12943,301,-3.75,1
12944,35,604.51,2
12945,288,462.95,1
12947,143,1407.29,11
12948,16,2053.70,8
12949,30,4143.02,10
12950,2,1843.00,3
12951,8,1042.07,8
12952,5,1382.84,5
12953,9,329.85,1
12955,1,4734.26,14
12956,306,108.07,1
12957,4,3979.04,12
12962,7,266.39,2
12963,8,1841.03,9
12965,89,771.91,1
12966,9,160.18,1
12967,3,1194.75,4
12968,112,135.95,1
12970,7,452.24,4
12971,3,10930.26,89
12974,197,144.80,1
12976,211,738.60,1
12977,156,39.24,1
12980,155,7092.06,12
12981,29,372.22,2
12982,239,377.20,2
12984,18,97.50,1
12985,0,1215.62,3
12987,73,545.00,3
12988,292,535.32,1
12989,3,6854.51,19
12990,31,409.50,3
12991,23,503.76,2
12993,23,414.76,4
12994,4,902.22,5
12995,77,200.72,2
12997,22,1197.94,7
12999,196,455.88,3
13000,106,534.85,3
13001,4,9797.92,15
13002,318,120.95,1
13003,105,149.05,3
13004,11,5613.43,22
13005,173,468.95,3
13006,56,81.57,1
13008,323,178.47,2
13011,372,50.55,1
13012,9,1311.62,11
13013,1,4786.99,15
13014,2,3365.43,16
13015,53,3346.28,5
13016,73,789.89,3
13017,7,204.00,1
13018,16,7272.75,29
13021,4,2584.40,12
13023,64,689.90,2
13026,1,936.15,8
13027,113,6912.00,6
13028,22,659.68,3
13029,30,1247.50,3
13030,11,799.48,2
13032,38,996.52,3
13033,357,190.55,1
13034,54,642.77,2
13035,57,886.63,3
13037,138,881.07,3
13038,80,908.46,3
13040,8,676.99,2
13043,253,471.57,2
13044,291,560.47,1
13045,99,305.28,1
13046,30,629.31,2
13047,31,3079.10,18
13048,14,1805.91,5
13049,64,656.68,2
13050,9,5684.61,28
13052,212,348.15,1
13055,64,1201.96,4
13058,24,271.40,3
13059,249,183.40,1
13060,253,307.53,1
13061,72,248.61,1
13062,191,346.98,1
13064,12,1119.49,4
13065,373,205.86,1
13066,24,430.90,3
13067,82,115.46,1
13068,10,344.00,2
13069,0,3717.82,27
13070,192,228.80,1
13072,266,177.15,1
13075,129,919.61,1
13077,1,729.27,4
13078,1,12432.28,43
13079,4,220.10,5
13080,179,58.08,1
13081,1,27964.48,21
13082,126,3595.48,10
13083,4,303.75,2
13085,157,272.38,3
13089,2,57385.88,118
13090,8,8689.39,18
13091,21,319.82,2
13092,70,459.83,6
13093,267,7741.47,13
13094,21,1708.86,16
13095,70,74.40,1
13097,32,5893.32,14
13098,1,28658.88,41
13099,99,207.36,1
13101,234,101.19,1
13102,1,6336.29,27
13103,39,243.94,1
13104,3,1098.48,6
13106,128,59.50,2
13107,44,1524.07,5
13108,372,350.06,1
13109,2,766.84,5
13110,31,1452.87,8
13113,0,10510.00,40
13115,8,2205.63,14
13116,117,485.19,2
13117,21,984.91,8
13118,19,1125.00,7
13120,238,30.60,1
13121,269,254.73,2
13122,94,922.39,2
13124,89,3866.33,3
13126,4,2056.29,10
13127,77,259.17,1
13130,94,64.00,1
13131,23,1039.30,4
13132,261,77.30,1
13133,273,109.80,2
13134,72,1740.63,7
13135,196,3096.00,1
13136,50,2545.38,11
13137,10,3605.08,9
13138,22,962.39,6
13139,16,5055.79,8
13140,108,423.72,3
13141,84,2385.80,6
13142,19,307.09,1
13144,332,110.95,1
13145,39,614.77,5
13146,26,228.91,1
13147,10,712.80,4
13148,29,3348.48,17
13149,14,1676.06,4
13151,203,1250.37,2
13153,5,486.22,1
13154,144,-611.86,1
13155,33,971.76,4
13157,49,1721.57,5
13158,94,1201.06,4
13159,8,1379.75,5
13160,22,91.80,1
13161,313,112.75,1
13162,122,1644.99,5
13165,46,1021.48,2
13166,282,414.70,2
13167,18,791.33,4
13168,36,1310.14,5
13169,63,712.88,2
13170,26,116.01,1
13171,8,426.81,5
13173,4,353.65,2
13174,16,2817.03,3
13176,46,492.84,1
13177,64,282.45,1
13178,26,5725.47,11
13182,45,121.18,1
13183,7,3957.78,9
13184,14,1648.79,12
13185,267,71.40,1
13186,39,1539.69,5
13187,337,236.02,1
13188,11,114.60,1
13189,18,260.68,2
13192,95,911.94,2
13193,61,117.88,1
13194,135,60.70,1
13196,11,1797.78,4
13198,10,3384.09,8
13199,3,9803.96,39
13200,19,870.09,4
13203,9,869.46,4
13207,15,250.26,2
13208,58,1205.90,7
13209,30,5820.16,11
13210,93,353.48,1
13211,10,1197.42,3
13212,9,780.58,4
13213,56,1518.43,6
13216,267,333.74,1
13217,122,133.62,5
13218,127,62.64,1
13220,78,819.29,4
13221,240,847.41,2
13223,200,163.20,2
13224,60,2150.85,3
13225,3,6083.04,8
13226,273,108.21,1
13227,201,257.70,1
13228,81,358.00,1
13229,225,160.95,1
13230,4,2763.41,15
13232,12,1357.60,7
13233,74,605.12,2
13235,211,101.17,2
13236,24,727.27,3
13238,11,680.83,5
13239,261,329.56,1
13240,96,663.65,4
13242,112,270.40,3
13243,203,600.07,1
13244,92,121.74,1
13245,50,430.50,1
13246,18,1922.10,7
13247,17,501.12,4
13248,124,465.68,2
13249,92,711.41,3
13253,156,1030.40,2
13255,3,390.66,3
13256,14,0.00,1
13258,11,698.58,3
13259,61,292.32,1
13260,61,557.62,1
13261,268,944.10,2
13262,263,200.29,1
13263,1,7454.07,35
13265,53,2107.66,5
13266,11,3717.67,19
13267,2,4404.44,27
13268,17,3167.64,15
13269,1,5315.92,17
13270,366,590.00,1
13271,37,178.26,2
13272,31,276.56,2
13273,113,138.98,1
13276,63,590.93,2
13277,15,258.40,4
13278,40,542.73,1
13279,64,126.30,2
13280,122,814.86,3
13282,18,1047.84,6
13283,59,93.66,2
13284,322,196.15,2
13285,23,2709.12,4
13291,155,361.11,1
13292,38,578.94,2
13294,189,873.74,2
13295,359,197.95,2
13296,137,87.40,1
13297,7,2089.85,4
13298,1,360.00,1
13299,268,142.50,1
13300,164,365.29,2
13301,103,618.09,4
13302,155,63.75,1
13304,351,300.42,1
13305,4,2000.86,10
13307,120,15.00,1
13308,22,1367.61,4
13309,7,1456.79,5
13310,8,1083.63,6
13311,4,598.57,2
13313,22,1555.32,5
13314,1,578.66,4
13316,37,5815.49,5
13317,64,2140.07,9
13318,1,640.76,3
13319,5,10664.34,36
13320,70,1491.70,6
13321,72,567.36,2
13322,17,199.48,1
13323,3,787.85,5
13324,32,7072.80,12
13325,81,675.30,1
13327,38,3617.57,9
13328,316,1308.48,1
13329,31,740.40,4
13330,92,1140.93,3
13332,14,350.90,1
13334,82,3536.82,3
13336,77,795.12,1
13338,154,431.82,3
13339,200,860.12,1
13340,45,10736.48,7
13341,260,775.85,1
13343,172,303.93,2
13344,67,2543.72,3
13345,276,377.60,2
13347,70,341.36,1
13348,64,233.76,1
13349,10,247.32,1
13350,16,910.72,3
13351,66,373.94,1
13352,7,389.28,2
13354,71,743.53,1
13355,122,674.70,1
13356,80,768.24,1
13357,257,609.95,1
13358,268,439.03,1
13359,59,431.26,2
13362,3,3085.49,5
13363,17,992.50,2
13364,66,0.00,2
13365,8,2191.22,3
13366,50,56.16,1
13368,256,623.40,2
13369,354,263.75,2
13370,366,721.32,2
13372,89,378.64,1
13373,60,3312.25,3
13375,81,772.90,2
13376,99,1019.76,3
13379,26,572.56,3
13381,21,3626.81,7
13382,280,222.99,1
13384,30,4122.28,9
13385,329,534.57,1
13388,121,627.15,3
13389,11,797.96,3
13390,74,544.08,1
13391,203,59.80,1
13394,1,2312.80,10
13395,185,307.72,1
13396,21,1325.29,4
13397,72,1539.18,6
13398,192,457.34,1
13402,127,621.23,2
13403,17,75.00,1
13404,1,252.49,2
13405,74,572.45,3
13408,1,27487.41,81
13410,8,988.91,7
13411,107,213.55,1
13414,133,1390.50,3
13416,43,712.50,2
13417,4,640.83,2
13418,11,5845.44,23
13419,63,221.06,1
13420,134,140.35,4
13421,40,1848.98,3
13422,51,2601.55,2
13425,108,1624.21,3
13426,0,3550.70,12
13427,19,582.60,3
13428,10,218.47,1
13429,10,1006.80,4
13430,18,648.69,4
13431,67,1269.10,2
13434,74,534.24,2
13435,5,3794.49,9
13436,1,196.89,1
13437,14,3408.06,7
13439,255,283.71,1
13441,91,296.64,1
13447,23,1104.23,4
13448,16,3465.67,10
13449,23,291.88,1
13450,26,2043.72,6
13451,26,2916.45,6
13452,259,590.00,2
13453,165,356.98,2
13455,24,1007.35,4
13456,17,1737.82,7
13458,7,9537.92,22
13460,29,183.44,2
13461,38,1445.00,3
13462,183,143.25,2
13464,58,674.68,1
13466,100,297.95,2
13467,10,1083.71,2
13468,1,5656.75,41
13470,99,165.00,2
13471,1,2531.58,4
13473,60,417.54,3
13474,236,229.59,1
13475,191,1431.78,4
13476,178,1092.77,4
13477,37,1441.53,8
13479,198,291.00,3
13481,45,1776.81,8
13482,232,184.64,1
13483,65,140.34,1
13484,241,313.80,1
13485,233,454.24,1
13486,78,1122.41,3
13487,57,575.40,3
13488,17,8910.61,17
13489,105,449.52,4
13491,51,1215.82,10
13492,136,1269.84,3
13493,275,618.63,2
13494,311,316.26,1
13495,7,1990.12,6
13496,10,617.93,3
13497,282,321.05,3
13499,17,1146.96,7
13500,23,1136.77,4
13501,242,1310.47,2
13502,16,292.00,3
13503,71,216.85,1
13504,64,295.93,1
13505,67,4282.88,8
13506,312,452.82,3
13507,3,2479.16,4
13508,243,110.97,1
13509,8,979.72,7
13510,1,1785.16,5
13512,260,251.21,1
13513,126,205.10,1
13514,73,152.20,1
13515,72,891.12,4
13516,21,1389.41,3
13517,59,2109.07,5
13518,85,659.44,1
13519,50,110.80,2
13520,58,3487.75,8
13521,1,1093.65,3
13522,30,125.80,1
13523,33,3755.38,6
13524,40,680.18,5
13525,14,628.78,2
13527,33,2263.76,8
13529,78,307.76,2
13531,205,483.80,2
13532,33,210.31,1
13533,182,270.79,3
13534,2,5613.08,43
13536,1,3448.29,7
13538,43,1280.85,7
13539,85,605.84,4
13544,39,291.41,2
13546,12,626.99,3
13548,96,682.41,2
13549,25,916.12,8
13551,319,91.80,1
13552,66,3539.53,16
13555,73,4149.28,4
13557,28,584.06,2
13558,5,605.06,4
13560,7,174.37,1
13561,215,141.86,1
13562,81,1799.33,3
13563,84,777.53,2
13564,144,647.74,5
13565,19,240.22,2
13566,40,874.71,2
13568,173,192.85,1
13569,17,373.75,2
13570,243,239.49,1
13571,12,2092.32,12
13572,205,1384.25,1
13573,50,294.40,2
13575,23,732.07,5
13576,10,6703.30,20
13577,25,1658.30,5
13579,14,467.04,2
13581,309,118.00,1
13583,155,781.03,1
13584,306,142.40,1
13587,31,347.00,3
13588,15,2445.12,13
13589,14,379.65,2
13590,11,1976.12,7
13591,64,1117.13,3
13592,35,247.96,4
13593,108,1990.28,6
13594,52,396.97,1
13596,5,697.04,2
13598,47,167.42,2
13599,1,5030.60,33
13600,312,219.52,1
13601,45,693.32,2
13602,64,428.89,1
13603,26,164.34,1
13606,29,280.54,3
13607,40,678.01,1
13610,12,1115.43,9
13611,89,1158.20,4
13614,24,1610.46,4
13615,312,399.99,2
13617,40,544.18,3
13618,173,177.34,1
13621,116,213.85,1
13623,30,672.44,7
13626,252,257.23,1
13627,59,1624.02,7
13629,23,7792.36,11
13630,5,1995.68,11
13631,99,3021.77,12
13632,24,2117.02,6
13634,33,1575.16,5
13635,67,1071.03,1
13636,36,941.62,6
13637,52,810.50,3
13638,15,122.64,1
13639,74,1033.34,1
13642,215,354.80,1
13643,31,519.44,3
13644,8,2597.52,5
13645,120,252.10,1
13647,9,1670.22,5
13649,256,346.60,2
13650,16,1809.34,7
13651,35,94.20,2
13652,45,1095.08,3
13654,43,2707.33,6
13655,114,932.97,2
13656,164,379.65,2
13657,10,382.14,2
13658,9,2421.47,7
13659,197,1550.85,3
13662,85,879.08,7
13663,179,189.47,1
13666,60,84.65,3
13667,149,305.02,1
13668,2,6216.07,29
13669,50,218.55,2
13670,75,349.70,1
13672,301,-71.46,6
13673,18,396.92,2
13675,151,486.82,2
13678,151,232.60,1
13680,1,2202.31,5
13681,17,827.83,4
13682,187,59.50,1
13684,285,64.23,2
13685,2,3119.44,7
13686,182,72.00,1
13689,63,910.00,1
13690,59,172.25,1
13692,24,1466.87,5
13693,325,-32.00,2
13694,3,62653.10,60
13695,31,2504.13,15
13697,38,151.30,1
13699,155,308.58,1
13700,26,2265.12,10
13703,318,99.50,1
13704,5,2295.31,10
13705,7,711.86,3
13706,302,330.79,1
13707,267,806.41,2
13708,271,296.88,1
13709,3,6249.11,17
13710,31,180.48,1
13711,218,252.06,2
13712,246,228.84,1
13715,281,1053.94,8
13716,269,138.28,1
13717,32,1432.26,7
13718,246,306.55,2
13719,15,1041.68,5
13720,116,799.90,4
13721,36,524.14,1
13722,120,2369.16,4
13723,217,199.85,1
13725,49,1809.81,11
13726,38,1079.66,2
13727,28,333.48,2
13728,36,1016.14,6
13730,135,752.60,2
13731,219,610.59,2
13732,28,491.86,1
13735,24,2766.18,8
13736,5,724.00,3
13737,200,339.60,1
13739,18,216.90,1
13740,240,350.75,1
13741,71,666.33,4
13742,16,3102.42,14
13743,2,1340.15,8
13744,95,1156.36,2
13745,151,291.54,2
13747,373,79.60,1
13748,95,948.25,5
13750,53,1647.26,5
13751,288,296.25,1
13752,124,1186.28,6
13753,287,741.26,1
13754,151,282.60,2
13755,3,2154.68,10
13756,2,5145.12,15
13758,11,3190.55,7
13759,33,659.41,2
13760,54,286.79,2
13761,50,1070.65,2
13762,204,0.00,2
13763,63,1689.46,3
13764,70,1521.76,3
13767,2,16945.71,52
13769,2,2771.87,16
13771,64,2631.70,5
13772,33,1132.13,3
13774,81,345.00,1
13777,0,25748.35,41
13778,103,178.70,1
13780,7,360.01,2
13781,250,127.84,1
13782,12,912.00,6
13784,9,2462.79,11
13786,367,230.40,1
13787,75,309.04,2
13790,4,348.80,1
13791,43,1047.68,3
13792,66,195.55,2
13798,1,36351.42,63
13799,116,688.86,2
13800,309,558.32,1
13801,66,324.80,1
13802,138,3906.27,6
13803,255,277.07,1
13804,30,2635.79,7
13805,52,924.60,2
13806,63,256.38,1
13807,367,112.60,1
13808,5,1747.66,5
13809,305,155.05,1
13810,28,899.51,4
13811,183,591.75,4
13812,42,539.00,3
13813,39,1353.41,5
13814,56,1562.12,3
13815,22,4014.91,5
13816,23,555.04,4
13817,29,382.98,2
13819,301,1140.35,3
13821,144,385.64,2
13822,5,632.00,2
13823,18,957.66,2
13824,32,1698.94,5
13826,158,174.65,2
13827,57,412.05,3
13828,22,209.49,1
13829,359,-102.00,1
13831,16,2202.99,6
13832,17,40.95,2
13833,159,384.80,1
13835,25,834.57,4
13837,211,271.24,2
13838,5,691.73,4
13841,252,85.00,1
13842,58,3385.62,9
13844,11,361.62,1
13845,64,312.98,1
13846,24,847.61,4
13848,92,1255.00,3
13849,51,1537.95,2
13850,88,1586.81,2
13851,95,2651.46,3
13853,8,1056.94,2
13854,8,8025.02,29
13856,168,363.40,5
13858,57,216.17,1
13859,326,201.16,1
13860,1,1240.00,6
13862,18,2187.31,10
13863,245,299.56,2
13865,58,501.56,4
13866,74,145.67,1
13867,31,1015.29,3
13868,7,3192.54,2
13869,123,3104.95,4
13870,2,2751.25,10
13871,22,6389.80,14
13873,119,381.70,4
13874,358,540.45,1
13875,53,1786.79,5
13876,63,122.70,1
13877,86,117.24,1
13878,54,1281.53,1
13880,21,3219.77,13
13881,3,16989.52,22
13882,2,1131.28,6
13883,1,2538.75,9
13884,7,781.30,6
13885,189,506.80,2
13886,71,243.56,1
13887,204,349.55,1
13888,119,605.63,2
13889,92,416.90,1
13890,1,1860.86,14
13892,26,632.97,4
13893,297,821.10,1
13894,22,535.97,5
13895,21,2588.12,5
13897,50,311.16,1
13898,325,155.93,1
13899,16,388.52,2
13900,183,740.95,3
13901,72,2867.20,5
13904,37,332.64,2
13908,79,2347.05,5
13911,57,2580.91,9
13914,3,613.95,3
13917,49,272.04,2
13918,49,1212.84,2
13919,53,350.16,3
13922,351,172.25,1
13923,53,351.13,1
13924,1,1682.08,11
13925,36,616.65,6
13926,23,223.85,1
13927,74,348.99,1
13928,10,464.57,4
13929,169,802.85,3
13930,57,337.34,2
13931,85,1230.93,3
13932,294,307.40,1
13933,109,608.79,2
13934,263,922.10,1
13936,171,361.28,2
13937,169,158.85,1
13938,35,71.66,1
13939,23,556.75,4
13940,17,839.14,4
13941,21,4912.41,7
13946,79,561.57,3
13947,65,90.60,1
13948,360,102.00,1
13949,2,2427.32,6
13950,11,728.56,5
13951,176,674.45,3
13952,211,3246.09,3
13953,7,3515.68,7
13954,1,378.59,3
13955,154,322.96,2
13956,5,1026.42,5
13958,372,-102.45,1
13959,79,598.20,3
13960,21,230.22,2
13962,21,169.55,2
13963,308,664.54,4
13967,145,80.70,1
13969,7,8986.69,20
13971,8,2702.22,11
13972,70,190.25,2
13973,287,264.70,1
13974,49,413.59,1
13975,31,2503.23,7
13976,206,357.98,1
13978,14,196.79,2
13979,73,869.87,1
13980,60,200.14,1
13982,39,1861.11,5
13983,29,2590.46,13
13984,26,488.03,6
13985,4,7024.53,16
13986,17,320.46,1
13988,19,4098.80,9
13989,65,1266.08,2
13990,213,311.30,1
13991,12,850.63,7
13992,30,76.80,1
13993,32,3409.66,12
13994,3,2313.14,6
13995,15,1383.49,6
13999,10,3865.26,15
14000,206,633.71,2
14001,45,2030.33,4
14002,134,529.73,2
14004,43,4582.64,7
14005,9,2874.72,5
14006,115,962.19,3
14009,198,685.93,3
14012,277,328.80,1
14013,110,473.02,3
14014,77,505.18,1
14015,52,917.34,1
14016,154,4328.46,5
14019,46,1398.96,4
14020,16,642.80,2
14021,155,631.90,3
14022,225,440.00,1
14023,7,584.07,2
14024,121,327.70,2
14027,60,104.82,1
14029,63,467.66,2
14030,18,2360.09,8
14031,7,14634.64,23
14032,2,2929.84,18
14034,22,512.02,4
14035,28,1428.02,5
14036,284,626.65,1
14037,176,147.20,2
14038,78,1554.48,4
14039,33,152.20,1
14040,40,3542.19,15
14041,266,141.41,1
14044,26,652.82,4
14045,109,1659.75,4
14046,284,154.99,1
14047,8,1290.01,7
14048,277,375.13,2
14049,16,5639.15,6
14050,31,746.36,2
14051,0,15477.34,26
14052,19,225.36,1
14053,124,260.25,2
14054,65,92.46,1
14055,106,725.64,1
14056,1,8124.40,29
14057,23,6147.40,18
14059,266,183.60,1
14060,4,6135.38,20
14062,9,10464.85,12
14064,29,1188.32,7
14066,266,152.55,1
14067,63,374.70,2
14068,320,265.85,1
14071,3,1307.41,9
14073,21,139.54,2
14075,4,942.26,3
14076,129,122.47,1
14077,40,499.42,5
14078,101,1049.37,6
14079,124,375.10,1
14080,32,45.60,1
14081,267,904.67,4
14082,364,182.25,1
14083,4,1018.43,9
14085,2,4435.79,19
14087,2,181.67,2
14088,10,50415.49,14
14089,56,161.00,1
14090,324,76.32,1
14092,7,4063.10,17
14093,12,442.85,1
14096,4,57120.91,34
14098,36,147.35,1
14099,16,3092.97,12
14100,137,194.90,1
14101,73,5976.79,6
14102,5,1314.73,8
14104,154,216.21,2
14105,85,1260.33,2
14107,51,2688.48,8
14108,30,594.16,3
14109,23,80.20,2
14110,3,5669.65,13
14111,14,688.60,5
14112,22,2774.17,12
14113,3,1377.92,8
14114,273,386.53,2
14116,19,1382.74,5
14117,143,90.00,1
14119,354,-19.90,1
14121,3,2740.30,6
14124,84,419.58,1
14125,10,2740.43,3
14126,7,643.63,4
14127,122,709.71,3
14128,60,637.50,2
14129,1,1123.86,5
14130,319,483.86,1
14132,2,3580.13,12
14133,129,590.34,5
14135,1,4690.31,15
14138,1,982.38,2
14139,46,415.82,1
14140,3,920.05,3
14141,2,879.03,6
14142,373,311.81,1
14143,133,115.80,1
14145,46,3148.20,5
14146,8,2949.57,6
14147,49,468.40,3
14148,233,157.20,1
14149,212,259.43,3
14150,35,658.64,2
14152,75,611.09,3
14154,239,1345.62,2
14155,266,118.75,1
14156,9,113384.14,66
14157,19,400.43,3
14158,40,507.66,1
14159,19,4678.30,14
14161,215,1110.52,3
14162,173,289.36,2
14163,87,2445.91,4
14164,70,1631.77,2
14165,275,122.54,1
14167,39,574.84,4
14171,98,363.79,1
14173,10,450.84,4
14174,33,134.46,1
14175,51,3108.06,7
14176,297,574.00,5
14177,84,554.46,5
14178,8,1620.93,7
14179,40,719.78,2
14180,10,4640.77,31
14184,66,452.89,1
14185,331,197.65,1
14188,8,2018.91,10
14189,2,4604.31,24
14191,1,4660.01,14
14193,67,853.39,2
14194,4,11216.75,32
14195,201,962.70,3
14196,106,335.52,1
14198,4,663.50,7
14199,218,185.40,1
14201,60,688.04,9
14204,2,161.03,1
14205,10,218.78,4
14206,239,308.26,2
14208,94,151.74,1
14209,10,2067.13,7
14210,91,1900.89,7
14211,53,2208.30,13
14212,89,1070.48,1
14213,371,-1192.20,1
14214,30,1000.23,7
14215,11,1777.92,7
14216,3,1839.30,4
14217,1,1925.36,24
14218,42,169.48,1
14219,4,89.94,1
14220,247,632.40,2
14221,42,3427.85,10
14222,177,683.17,1
14223,92,975.23,4
14224,110,1050.12,4
14226,28,2201.64,7
14227,26,3315.71,15
14229,51,1450.60,5
14231,179,822.06,5
14232,31,2043.93,8
14233,43,1447.51,5
14234,22,775.46,4
14235,10,3093.86,6
14236,80,490.86,2
14237,373,161.00,1
14238,326,146.85,1
14239,43,2323.50,13
14240,30,890.34,2
14241,183,213.70,1
14242,234,280.55,2
14243,8,2535.88,14
14245,176,1677.48,5
14246,110,1474.06,3
14247,278,136.77,1
14248,318,302.58,1
14250,7,1904.05,3
14251,1,2879.70,5
14256,254,935.06,3
14257,51,3087.27,6
14258,9,12650.08,10
14259,141,120.00,1
14261,50,1163.45,2
14262,8,2618.23,8
14264,154,319.47,3
14265,109,530.18,2
14267,150,1279.09,7
14270,331,492.65,1
14271,225,112.32,1
14272,73,437.96,2
14273,51,559.97,4
14276,88,1019.39,5
14277,15,3957.00,4
14280,196,134.04,1
14282,3,3729.34,15
14284,30,578.45,3
14285,21,1910.01,4
14286,23,4595.81,5
14287,8,151.23,4
14288,212,413.85,2
14289,8,911.26,6
14290,11,2307.45,6
14291,1,3873.30,12
14292,7,4819.33,14
14293,3,1046.56,4
14295,40,154.70,2
14297,17,1284.06,6
14298,3,50862.44,45
14299,8,2855.35,18
14300,18,43.20,1
14301,107,632.04,2
14304,222,197.10,2
14305,71,1803.76,5
14306,51,2083.42,3
14307,88,2995.72,6
14309,8,2319.68,10
14311,225,229.71,2
14312,46,1611.59,6
14314,106,120.00,1
14315,21,2456.98,7
14317,64,508.58,1
14320,206,343.11,3
14321,10,1530.75,5
14323,114,574.26,4
14326,234,166.85,2
14327,163,311.65,1
14329,8,4928.74,14
14331,124,462.66,2
14332,22,866.31,3
14333,64,351.45,2
14334,16,2539.46,9
14335,16,468.26,2
14336,16,1614.91,4
14338,158,554.22,4
14339,234,289.91,4
14340,218,134.70,1
14341,45,2166.38,9
14342,21,607.71,6
14344,127,889.93,8
14345,38,108.98,1
14346,120,1021.58,2
14348,260,409.57,1
14349,10,133.50,1
14350,270,258.70,2
14351,164,51.00,1
14352,157,1078.96,4
14353,215,90.60,1
14354,5,163.62,2
14355,365,174.40,1
14356,60,666.94,4
14357,43,225.77,1
14359,19,882.58,6
14360,31,2128.23,4
14362,22,161.20,1
14364,108,3717.35,8
14367,8,9167.82,19
14368,319,155.00,1
14371,295,100.50,1
14373,358,76.55,1
14375,185,257.68,1
14377,191,617.05,2
14379,44,348.10,2
14381,52,202.68,1
14382,26,626.07,1
14383,38,1247.69,3
14385,9,202.11,3
14386,296,142.40,1
14387,32,1770.56,3
14388,8,3172.04,10
14389,8,999.72,5
14390,10,4592.47,13
14393,218,67.95,1
14395,2,3471.91,12
14396,65,487.99,2
14397,0,2556.68,23
14400,141,559.70,2
14401,4,4039.98,14
14403,130,1426.31,5
14404,33,1434.72,7
14406,119,156.75,1
14407,107,2111.08,9
14408,10,2606.53,7
14409,71,1908.25,7
14410,15,576.30,15
14411,310,1063.00,1
14412,35,761.33,3
14413,362,122.70,1
14414,91,1485.13,8
14415,1,5811.56,18
14416,22,490.22,2
14418,3,1937.25,3
14419,10,1058.06,6
14420,85,385.87,2
14421,57,813.11,2
14422,0,4263.64,6
14423,218,265.20,1
14424,17,322.08,1
14426,18,3918.90,16
14427,50,363.34,2
14428,7,1230.14,7
14431,298,397.76,2
14432,9,2255.51,6
14434,21,1372.80,6
14436,98,89.06,1
14437,143,-43.40,2
14438,306,131.90,1
14439,319,2661.24,1
14440,8,2357.68,5
14441,0,1545.14,10
14442,1,1544.62,5
14443,53,1400.88,7
14446,0,1039.58,4
14447,18,1163.23,5
14448,9,375.35,2
14449,18,907.10,4
14450,180,483.25,3
14451,60,662.59,2
14452,10,264.44,2
14453,190,119.93,1
14456,5,3047.63,14
14457,310,113.64,1
14459,155,1837.92,1
14460,110,383.34,4
14461,148,2103.06,3
14462,63,1965.90,15
14463,98,529.62,3
14465,246,1058.62,3
14466,29,2272.40,7
14467,17,598.76,4
14470,11,461.19,2
14472,103,1936.84,8
14473,74,234.34,2
14474,43,537.71,2
14475,71,799.82,6
14476,257,215.70,1
14477,19,1307.81,5
14479,253,316.25,2
14480,11,279.05,1
14481,164,636.51,2
14482,18,2068.15,6
14483,149,129.20,2
14484,50,321.92,1
14485,38,165.75,1
14487,26,1183.58,7
14488,51,1047.43,2
14489,207,463.38,1
14491,175,340.93,2
14493,7,2362.84,7
14494,25,139.56,1
14495,50,123.80,2
14496,311,538.81,2
14497,301,457.47,2
14498,42,1957.32,5
14499,26,815.32,3
14500,88,356.85,3
14501,64,190.31,3
14502,19,2351.02,14
14503,3,3543.26,6
14504,47,673.26,4
14505,17,5818.70,11
14506,17,2012.17,5
14507,23,1368.18,7
14508,22,276.42,2
14511,11,1267.41,6
14512,187,275.28,2
14513,100,438.49,4
14514,61,1055.35,3
14515,17,2102.09,6
14517,33,330.45,2
14518,64,174.37,1
14520,1,270.60,2
14522,24,974.54,4
14523,108,241.09,1
14524,31,1867.68,9
14525,8,4221.37,13
14527,2,7711.38,86
14528,37,364.22,1
14529,60,620.04,3
14530,25,2925.91,6
14532,236,932.85,4
14533,24,1812.62,9
14534,2,4075.35,25
14535,59,2841.09,4
14536,259,171.80,1
14537,57,355.56,1
14538,64,388.25,2
14539,15,537.48,2
14540,9,996.26,3
14541,58,1461.65,8
14542,185,103.25,1
14543,3,2916.17,21
14544,24,2024.45,2
14546,4,2487.02,9
14547,3,3986.74,9
14548,150,652.80,2
14549,311,289.24,1
14550,10,765.62,2
14551,18,186.23,2
14552,151,165.07,1
14553,19,859.27,5
14554,10,2381.04,4
14555,57,324.14,2
14557,64,0.00,2
14560,7,2174.18,24
14561,75,1080.76,3
14562,3,4709.22,22
14565,95,3073.77,6
14566,110,1432.00,1
14567,35,1524.46,3
14569,1,227.39,1
14570,280,218.06,2
14572,3,2803.69,10
14573,179,1603.72,13
14576,372,35.40,1
14577,12,859.71,4
14578,3,168.63,1
14581,16,138.60,1
14582,40,114.11,1
14583,5,1052.55,5
14584,169,1029.26,5
14585,50,157.05,1
14586,227,134.16,3
14587,18,1598.24,10
14589,371,39.75,1
14591,15,1447.14,4
14592,35,570.46,3
14593,21,617.99,3
14594,7,379.83,2
14595,19,1740.60,6
14597,11,883.15,2
14598,44,221.97,1
14600,305,393.33,1
14601,10,213.96,1
14603,274,660.00,1
14606,1,11713.85,128
14607,15,11341.10,17
14608,4,1785.15,4
14609,72,601.56,4
14616,242,406.08,3
14618,9,538.59,4
14619,239,379.51,2
14620,204,393.28,3
14621,1,1765.76,6
14622,184,320.58,1
14623,32,869.35,6
14624,57,225.85,2
14625,185,848.48,5
14626,8,2757.07,7
14627,311,-21.85,1
14628,91,671.96,2
14629,4,939.21,3
14631,50,1006.98,3
14632,262,114.56,1
14633,266,344.90,1
14636,36,609.85,2
14638,50,443.60,1
14639,52,2952.34,8
14640,15,2042.15,8
14641,21,110.46,1
14642,58,96.12,1
14643,170,668.61,3
14644,9,780.46,4
14645,156,597.09,2
14646,1,279489.02,77
14647,201,243.22,1
14649,4,1417.29,4
14651,67,654.60,2
14652,77,114.18,1
14653,1,1947.55,7
14655,3,1930.15,5
14656,169,291.05,2
14657,17,838.27,5
14658,5,247.15,2
14659,8,2456.53,12
14660,86,285.74,2
14661,26,107.95,1
14662,28,771.17,4
14664,19,637.89,2
14665,60,1258.38,7
14666,24,195.25,1
14667,10,9231.20,27
14669,241,1269.99,3
14670,280,411.53,2
14672,234,765.55,2
14673,3,1736.40,5
14675,16,604.75,1
14676,31,2543.24,8
14679,371,-2.55,1
14680,25,26932.34,23
14681,71,498.95,3
14682,187,52.00,2
14684,25,1236.28,5
14687,106,628.38,1
14688,7,5107.38,27
14689,208,112.80,1
14690,44,358.61,3
14691,30,2114.33,5
14692,137,582.05,5
14693,264,172.90,1
14696,4,2070.97,9
14697,218,188.61,2
14698,1,1250.76,5
14699,214,109.13,1
14700,32,2235.30,3
14701,10,2486.22,12
14702,1,3250.64,18
14703,14,318.17,1
14704,11,1546.91,9
14705,198,179.00,1
14708,2,1096.67,4
14709,15,4911.14,14
14710,14,606.13,4
14711,10,2838.20,12
14712,29,917.07,3
14713,9,2664.26,12
14714,24,160.19,1
14715,24,867.38,4
14716,43,329.68,2
14719,1,1592.18,6
14720,5,663.81,3
14722,147,187.92,1
14723,10,1158.30,6
14725,24,718.08,1
14727,274,268.58,1
14729,373,313.49,1
14730,1,2005.06,8
14731,47,380.02,3
14732,8,2686.34,10
14733,9,9451.54,15
14735,3,5807.69,34
14737,3,1164.55,3
14738,39,1289.94,9
14739,2,3899.10,8
14740,191,1423.21,4
14741,11,1400.34,6
14744,16,1088.53,9
14745,112,1167.16,6
14747,247,294.30,2
14748,29,1311.79,6
14752,43,389.64,1
14753,87,563.15,1
14754,44,638.05,2
14755,9,4965.38,12
14756,15,738.96,1
14757,75,420.50,1
14758,144,1484.06,4
14759,4,1625.97,3
14760,294,53.80,2
14761,58,255.90,2
14762,263,300.52,1
14764,43,250.55,2
14765,29,254.11,3
14766,8,2423.07,8
14768,17,139.50,3
14769,2,10641.60,10
14770,232,876.42,2
14772,112,139.26,1
14775,58,1011.90,3
14776,51,2195.58,13
14777,4,-17.45,2
14778,127,730.86,2
14779,280,386.15,3
14780,54,447.68,2
14782,319,200.10,1
14784,26,289.99,2
14785,10,77.40,2
14788,7,679.44,2
14789,28,197.64,1
14790,16,745.06,4
14792,63,0.00,2
14793,4,214.14,2
14794,2,1272.11,9
14795,166,131.45,1
14796,1,7839.51,27
14798,52,173.74,3
14799,51,157.70,1
14800,47,4236.34,16
14801,61,193.14,1
14803,162,845.55,3
14804,8,353.27,1
14805,15,554.65,4
14806,75,193.39,1
14808,39,2175.37,15
14810,40,2087.88,11
14813,369,155.43,2
14815,36,778.50,2
14816,197,271.85,1
14817,200,1110.34,2
14818,73,657.80,3
14819,64,272.07,2
14820,21,507.29,4
14821,366,48.80,1
14823,180,321.43,3
14824,10,1127.71,4
14825,3,2226.91,12
14828,196,2139.76,3
14829,29,644.65,6
14830,53,197.13,1
14834,17,1698.35,8
14836,10,102.45,3
14837,89,1641.20,5
14840,267,62.85,1
14841,53,3295.76,6
14842,35,2456.80,8
14844,63,3189.81,4
14847,148,309.40,1
14849,21,7904.28,28
14850,311,278.15,2
14851,23,511.35,2
14852,58,2836.69,6
14853,8,463.05,3
14854,78,2749.89,8
14855,119,645.65,2
14856,36,1311.38,3
14857,59,1165.65,3
14859,12,1352.04,5
14860,8,168.62,2
14861,52,125.79,1
14862,25,841.20,2
14863,29,266.76,1
14865,7,52.20,2
14866,10,14197.45,13
14867,185,701.33,4
14868,3,2939.64,9
14869,3,721.95,3
14870,261,327.25,1
14871,3,522.38,4
14873,210,519.68,1
14875,9,1448.72,5
14878,12,1485.54,9
14880,77,706.19,3
14881,19,255.40,1
14882,26,589.70,2
14883,18,756.64,7
14885,131,765.32,1
14886,252,364.80,1
14887,79,1862.00,1
14888,207,369.20,1
14889,336,135.90,1
14890,253,125.65,1
14891,148,554.38,2
14893,9,1237.85,2
14894,85,655.75,1
14895,7,11020.26,24
14896,204,468.77,2
14897,7,1366.38,4
14898,23,1228.32,8
14901,11,1414.99,10
14902,21,314.11,2
14903,21,2744.48,10
14904,2,1025.44,2
14905,154,599.90,3
14907,3,3478.85,10
14908,74,277.80,1
14910,2,389.86,7
14911,1,132572.62,248
14912,16,841.52,3
14913,35,1227.43,4
14915,85,258.83,3
14916,70,1264.84,5
14918,115,1610.15,2
14920,212,977.77,2
14921,30,1316.07,2
14923,50,749.10,1
14924,245,310.05,1
14929,32,223.88,1
14930,108,2372.86,3
14931,4,964.68,6
14932,365,363.53,1
14934,72,1888.84,3
14935,297,1784.71,1
14936,9,8117.42,9
14937,56,1617.63,4
14944,29,5842.95,14
14946,14,100.90,1
14947,72,290.82,2
14948,23,1066.57,7
14950,8,361.25,2
14951,79,311.69,1
14952,46,7912.79,15
14953,25,289.82,1
14954,12,336.17,1
14957,253,58.49,1
14958,147,499.68,3
14959,59,684.97,5
14960,8,221.27,2
14961,10,7006.58,12
14962,270,126.70,1
14963,9,1487.80,5
14964,247,206.21,1
14965,96,599.00,2
14966,14,191.32,1
14967,49,463.80,1
14968,30,147.59,1
14970,68,1592.06,4
14971,35,1116.57,3
14972,128,114.77,1
14973,107,1314.45,3
14974,37,114.39,1
14975,57,279.94,1
14976,57,765.86,8
14978,72,1931.42,5
14981,246,102.12,1
14984,19,213.27,2
14985,198,296.75,2
14987,15,326.40,2
14988,211,334.54,1
14995,38,233.23,2
14997,46,540.98,4
14998,170,429.87,2
15000,47,490.52,1
15002,115,1641.76,4
15004,147,1246.32,1
15005,15,6180.49,35
15006,51,502.09,1
15007,159,156.91,1
15009,12,1261.78,3
15010,35,308.94,1
15012,53,423.04,2
15014,43,260.17,2
15016,172,170.04,1
15017,33,125.58,1
15018,38,456.26,4
15019,266,266.00,1
15021,8,1872.28,13
15022,11,905.04,4
15023,3,6763.16,12
15024,9,1661.33,10
15025,33,377.01,1
15026,80,469.00,3
15027,30,1051.95,6
15028,8,627.13,4
15030,71,518.28,2
15031,4,668.14,4
15032,256,4464.10,5
15033,4,2571.02,11
15034,15,4277.66,11
15035,89,252.73,1
15036,72,465.55,3
15038,43,665.59,7
15039,9,19786.44,52
15041,170,180.35,1
15042,199,135.93,1
15043,31,537.00,1
15044,19,7629.38,22
15045,151,633.66,3
15046,9,5064.01,16
15047,269,343.62,1
15048,65,380.57,5
15049,273,121.17,1
15050,25,1727.17,5
15051,23,1391.61,3
15052,319,215.78,1
15053,4,697.79,3
15054,12,302.10,2
15057,275,1489.50,2
15058,25,2124.99,11
15059,40,1325.82,11
15060,8,303.09,4
15061,3,54228.74,55
